{"cameraMode":{"drawMode":0,"name":"Shaded","section":"Shading Mode"},"sceneLighting":false,"audioPlay":false,"sceneViewState":{"showFog":true,"showMaterialUpdate":false,"showSkybox":false,"showFlares":true,"showImageEffects":true,"showParticleSystems":true,"showVisualEffectGraphs":true,"m_FxEnabled":true},"in2DMode":false,"pivot":{"x":-0.4585385322570801,"y":0.34760722517967226,"z":-0.013694852590560913},"rotation":{"x":-0.01826227828860283,"y":0.07102520763874054,"z":-0.0013006473891437054,"w":-0.9973065853118897},"size":0.1305633783340454,"orthographic":true}